Date,Team,Acquired,Relinquished,Notes
2024-02-08,Dodgers,,Dustin May,placed on 60-day IL recovering from surgery on right elbow to repair flexor tendon
2024-02-09,Dodgers,,Tony Gonsolin,"placed on 60-day IL recovering from ligament replacement (""Tommy John"") surgery on right elbow"
2024-02-14,Athletics,,Ken Waldichuk,placed on 60-day IL with surgery on left elbow
2024-02-14,Giants,,Robbie Ray,"placed on 60-day IL recovering from ligament replacement (""Tommy John"") surgery on left elbow"
2024-02-14,Mets,,Ronny Mauricio,placed on 60-day IL recovering from surgery on right knee to repair torn ACL
2024-02-14,Orioles,,Felix Bautista,"placed on 60-day IL recovering from ligament replacement (""Tommy John"") surgery on right elbow"
2024-02-14,Pirates,,Endy Rodriguez (Steven),placed on 60-day IL recovering from surgery on right elbow to repair torn UCL / flexor tendon
2024-02-14,Pirates,,Johan Oviedo,"placed on 60-day IL recovering from ligament replacement (""Tommy John"") surgery on elbow"
2024-02-14,Rays,,Shane McClanahan,"placed on 60-day IL recovering from ligament replacement (""Tommy John"") surgery on left elbow"
2024-02-14,Yankees,,Jasson Dominguez,"placed on 60-day IL recovering from ligament replacement (""Tommy John"") surgery on right elbow"
2024-02-14,Yankees,,Scott Effross,placed on 60-day IL with surgery on back
2024-02-16,Yankees,,Lou Trivino,"placed on 60-day IL recovering from ligament replacement (""Tommy John"") surgery on right elbow"
2024-02-17,Diamondbacks,,Drey Jameson,"placed on 60-day IL recovering from ligament replacement (""Tommy John"") surgery on right elbow"
2024-02-17,Royals,,Kyle Wright,placed on 60-day IL recovering from surgery on right shoulder to repair torn capsule
2024-02-18,Angels,,Jose Quijada,"placed on 60-day IL recovering from ligament replacement (""Tommy John"") surgery on left elbow"
2024-02-18,Giants,,Austin Warren,"placed on 60-day IL recovering from ligament replacement (""Tommy John"") surgery on right elbow"
2024-02-19,Pirates,,J.T. Brubaker,placed on 60-day IL with right eye injury
2024-02-21,Rays,,Drew Rasmussen,placed on 60-day IL with surgery on right elbow
2024-02-21,Brewers,,Brandon Woodruff,placed on 60-day IL with surgery on right shoulder
2024-02-23,Royals,,Kris Bubic,"placed on 60-day IL recovering from ligament replacement (""Tommy John"") surgery on left elbow"
2024-02-23,White Sox,,Matt Foster,"placed on 60-day DL recovering from ligament replacement (""Tommy John"") surgery on right elbow"
2024-02-24,Marlins,,Sandy Alcantara,"placed on 60-day IL recovering from ligament replacement (""Tommy John"") surgery on right elbow"
2024-02-25,Mets,,David Peterson (John),placed on 60-day IL with surgery on left hip
2024-02-26,Twins,,Josh Winder,placed on 60-day IL with stress fracture in shoulder
2024-02-27,White Sox,,Jesse Scholtens,placed on 60-day IL with torn UCL in right elbow
2024-02-28,Rockies,,Antonio Senzatela,"placed on 60-day IL with rehab from ligament replacement (""Tommy John"") surgery on elbow"
2024-03-03,Giants,,Tristan Beck,placed on 60-day IL with annuerism in upper arm (surgery)
2024-03-04,Dodgers,,Clayton Kershaw,placed on 60-day IL recovering from surgery on left shoulder to repair gleno-humeral ligaments and capsule
2024-03-09,Rangers,,Carson Coleman,placed on 60-day IL with surgery on right shoulder
2024-03-15,Rays,,Jeffrey Springs,"placed on 60-day IL recovering from ligament replacement (""Tommy John"") surgery on left elbow"
2024-03-16,Pirates,,Dauri Moreta,placed on 60-day IL with right elbow injury
2024-03-19,Dodgers,,Blake Treinen,placed on 15-day IL with bruised lung
2024-03-19,Dodgers,,Brusdar Graterol,placed on 15-day IL with right shoulder inflammation
2024-03-19,Dodgers,,Emmet Sheehan,placed on 15-day IL with right forearm inflammation
2024-03-19,Dodgers,,Walker Buehler,"placed on 15-day IL recovering from ligament replacement (""Tommy John"") surgery and surgery to repair flexor tendon in right elbow"
2024-03-19,Padres,,Glenn Otto,placed on 15-day IL with strained right teres major
2024-03-19,Padres,,Luis Patino,placed on 15-day IL with right eye inflammation
2024-03-19,Padres,,Tucupita Marcano,placed on 10-day IL recovering from surgery on right knee to repair torn ACL
2024-03-22,Rangers,,Jacob deGrom,"placed on 60-day IL recovering from ligament replacement (""Tommy John"") surgery on right elbow"
2024-03-24,Athletics,,Trevor Gott,"placed on 60-day DL with ligament replacement (""Tommy John"") surgery on elbow"
2024-03-24,Nationals,,Jose Ferrer (Alexander),placed on 60-day IL with strained left teres major
2024-03-24,Nationals,,Mason Thompson,"placed on 60-day IL recovering from ligament replacement (""Tommy John"") surgery on right elbow"
2024-03-24,Red Sox,,Lucas Giolito,placed on 60-day IL recovering from surgery on right elbow; internal brace procedure to repair UCL
2024-03-24,Rockies,,German Marquez,"placed on 60-day IL with rehab from ligament replacement (""Tommy John"") surgery on right elbow"
2024-03-25,Mets,,Kodai Senga,placed on 15-day IL with strained posterior capsule in right shoulder
2024-03-25,Mets,,Max Kranick,placed on 15-day IL with strained left hamstring
2024-03-25,Rays,,Shane Baz (Austin),"placed on 15-day IL recovering from ligament replacement (""Tommy John"") surgery on right elbow"
2024-03-25,Rays,,Taj Bradley,placed on 15-day IL with strained pectoral muscle
2024-03-25,Royals,,Carlos Hernandez (b. 1997-03-11),placed on 15-day IL with sore right shoulder
2024-03-25,Royals,,Jake Brentz,placed on 15-day IL with strained left hamstring
2024-03-25,Royals,,Josh Taylor (Earl),placed on 15-day IL with sore left biceps
2024-03-25,Royals,,Michael Massey (a),placed on 10-day IL with tightness in back
2024-03-25,White Sox,,Max Stassi,placed on 10-day IL with left hip inflammation
2024-03-26,Nationals,,Cade Cavalli,"placed on 60-day IL recovering from ligament replacement (""Tommy John"") surgery on right elbow"
2024-03-27,Angels,,Sam Bachman,placed on 60-day IL recovering from surgery on right shoulder
2024-03-27,Astros,,Kendall Graveman,placed on 60-day IL recovering from surgery on right shoulder
2024-03-27,Cardinals,,Drew Rom (M.),placed on 15-day IL with strained left forearm / left shoulder biceps tendinitis
2024-03-27,Cardinals,,Dylan Carlson,placed on 10-day IL with sprained AC joint in left shoulder
2024-03-27,Cardinals,,Keynan Middleton,placed on 15-day IL with strained right forearm flexor
2024-03-27,Cardinals,,Lars Nootbaar,placed on 10-day IL with bruised/fractured left rib
2024-03-27,Cardinals,,Sonny Gray,placed on 15-day IL with strained right hamstring
2024-03-27,Cardinals,,Tommy Edman,placed on 10-day IL with sprained right wrist
2024-03-27,Rays,,Jonathan Aranda,placed on 10-day IL with fractured right ring finger
2024-03-27,Rays,,Jonny DeLuca,placed on 10-day IL with fractured right hand
2024-03-27,Rays,,Taylor Walls,placed on 10-day IL with right hip impingement
2024-03-27,Reds,,Alex Young,placed on 15-day IL with disc degeneration in lower back
2024-03-27,Reds,,Brandon Williamson (Martin),placed on 15-day IL with strained left shoulder
2024-03-27,Reds,,Ian Gibaut,placed on 15-day IL with strained right forearm
2024-03-27,Reds,,Matt McLain,placed on 10-day IL recovering from surgery on left shoulder
2024-03-27,Reds,,Nick Lodolo,placed on 15-day IL with left calf tenosynovitis
2024-03-27,Reds,,Sam Moll,placed on 15-day IL with left shoulder impingement
2024-03-27,Reds,,T.J. Friedl,placed on 10-day IL with fractured right wrist
2024-03-28,Angels,,Michael Stefanic,placed on 10-day IL with strained left quadriceps
2024-03-28,Angels,,Robert Stephenson,placed on 15-day IL with right shoulder inflammation
2024-03-28,Astros,,Bennett Sousa,placed on 15-day IL with left shoulder inflammation (later identified as thoracic outlet syndrome)
2024-03-28,Astros,,Jose Urquidy,placed on 15-day IL with strained right forearm
2024-03-28,Astros,,Justin Verlander,placed on 15-day IL with right shoulder inflammation
2024-03-28,Astros,,Lance McCullers Jr.,"placed on 60-day IL recovering from surgery on right forearm to removed bone spur, repair flexor tendon"
2024-03-28,Astros,,Luis Garcia (Heibardo),"placed on 15-day IL recovering from ligament replacement (""Tommy John"") surgery on right elbow"
2024-03-28,Astros,,Penn Murfee,"placed on 15-day IL recovering from ligament replacement (""Tommy John"") surgery on right elbow"
2024-03-28,Astros,,Shawn Dubin,placed on 15-day IL with strained right forearm
2024-03-28,Athletics,,Aledmys Diaz,placed on 60-day IL with strained right calf
2024-03-28,Athletics,,Freddy Tarnok,placed on 15-day IL with right hip inflammation
2024-03-28,Athletics,,Luis Medina (Angel),placed on 15-day IL with sprained MCL in right knee
2024-03-28,Athletics,,Miguel Andujar,placed on 10-day IL recovering from surgery on right knee to repair torn meniscus
2024-03-28,Athletics,,Scott Alexander,placed on 15-day IL with bruised left rib
2024-03-28,Athletics,,Sean Newcomb,placed on 60-day IL with left knee inflammation
2024-03-28,Blue Jays,,Alek Manoah,placed on 15-day IL with right shoulder inflammation
2024-03-28,Blue Jays,,Danny Jansen,placed on 10-day IL with fractured pisiform bone in right wrist
2024-03-28,Blue Jays,,Erik Swanson,placed on 15-day IL with right forearm inflammation
2024-03-28,Blue Jays,,Jordan Romano,placed on 15-day IL with right elbow inflammation
2024-03-28,Braves,,Angel Perdomo,placed on 15-day IL with left elbow injury
2024-03-28,Brewers,,Devin Williams,placed on 15-day IL with stress fracture in back
2024-03-28,Brewers,,Garrett Mitchell,placed on 10-day IL with fractured left index finger
2024-03-28,Brewers,,Taylor Clarke,placed on 15-day IL with torn meniscus in right knee
2024-03-28,Brewers,,Wade Miley,placed on 15-day IL with left shoulder impingement
2024-03-28,Cubs,,Caleb Kilian,placed on 60-day IL with strained right shoulder
2024-03-28,Cubs,,Jameson Taillon,placed on 15-day IL with strained back
2024-03-28,Cubs,,Patrick Wisdom,placed on 10-day IL with strained back
2024-03-28,Diamondbacks,,Eduardo Rodriguez (José),placed on 15-day IL with strained left shoulder
2024-03-28,Diamondbacks,,Paul Sewald,placed on 15-day IL with strained left oblique muscle
2024-03-28,Diamondbacks,,Randal Grichuk,placed on 10-day IL recovering from surgery on right ankle to remove bone spurs
2024-03-28,Giants,,Alex Cobb,placed on 15-day IL with surgery on left hip
2024-03-28,Giants,,Ethan Small,placed on 60-day IL with strained right oblique muscle
2024-03-28,Giants,,Sean Hjelle,placed on 15-day IL with strained right elbow
2024-03-28,Guardians,,Angel Martinez (b. 2002-01-27),placed on 10-day IL with bruised right foot
2024-03-28,Guardians,,Ben Lively,placed on 15-day IL with viral illness
2024-03-28,Guardians,,Gavin Williams,placed on 15-day IL with right elbow inflammation
2024-03-28,Guardians,,James Karinchak,placed on 60-day IL with right shoulder inflammation
2024-03-28,Guardians,,Sam Hentges,placed on 15-day IL with left middle finger inflammation
2024-03-28,Guardians,,Trevor Stephan,"placed on 60-day IL with ligament replacement (""Tommy John"") surgery on right elbow"
2024-03-28,Guardians,,Xzavion Curry,placed on 15-day IL with viral illness
2024-03-28,Mariners,,Bryan Woo (a),placed on 15-day IL with right elbow inflammation
2024-03-28,Mariners,,Eduard Bazardo,placed on 15-day IL with strained rotator cuff in right shoulder
2024-03-28,Mariners,,Gregory Santos,placed on 15-day IL with strained right lat muscle
2024-03-28,Mariners,,Matt Brash,placed on 15-day IL with right elbow inflammation
2024-03-28,Mariners,,Sam Haggerty,placed on 10-day IL for medical procedure
2024-03-28,Marlins,,Braxton Garrett,placed on 15-day IL with left shoulder impingement
2024-03-28,Marlins,,Edward Cabrera,placed on 15-day IL with right shoulder impingement
2024-03-28,Marlins,,Eury Perez,placed on 15-day IL with right elbow inflammation
2024-03-28,Marlins,,J.T. Chargois,placed on 15-day IL with neck spasms
2024-03-28,Marlins,,Josh Simpson (Wayne),placed on 15-day IL with ulnar neuritis in left elbow
2024-03-28,Marlins,,Xavier Edwards,placed on 10-day IL with infection in left foot
2024-03-28,Mets,,Sean Reid-Foley,placed on 15-day IL with right shoulder impingement
2024-03-28,Nationals,,Stone Garrett,placed on 10-day IL with surgery on left ankle
2024-03-28,Orioles,,John Means,placed on 15-day IL with strained left forearm
2024-03-28,Orioles,,Kyle Bradish,placed on 15-day IL with sprained UCL in right elbow
2024-03-28,Phillies,,Dylan Covey,placed on 15-day IL with strained right shoulder
2024-03-28,Phillies,,Michael Rucker,placed on 15-day IL with arterial vasospasm in right hand
2024-03-28,Phillies,,Orion Kerkering,placed on 15-day IL with strained right forearm
2024-03-28,Phillies,,Rafael Marchan,placed on 10-day IL with sore lower back
2024-03-28,Phillies,,Taijuan Walker,placed on 15-day IL with sore right shoulder
2024-03-28,Pirates,,Carmen Mlodzinski,placed on 15-day IL with right elbow inflammation
2024-03-28,Pirates,,Colin Holderman,placed on 15-day IL with illness
2024-03-28,Pirates,,Ji-Hwan Bae,placed on 10-day IL with strained left hip flexor
2024-03-28,Pirates,,Yasmani Grandal,placed on 10-day IL with plantar fasciitis in left foot
2024-03-28,Rangers,,Nate Lowe,placed on 10-day IL with strained right oblique muscle
2024-03-28,Rangers,,Jonathan Hernandez,placed on 15-day IL with strained right lat muscle
2024-03-28,Rangers,,Max Scherzer,placed on 15-day IL recovering from surgery on back to repair herniated disc
2024-03-28,Rangers,,Michael Lorenzen,placed on 15-day IL with strained neck
2024-03-28,Rangers,,Tyler Mahle,"placed on 60-day IL with ligament replacement (""Tommy John"") surgery on right elbow"
2024-03-28,Rays,,Josh Lowe (Edward),placed on 10-day / 15-day IL with strained right oblique muscle
2024-03-28,Red Sox,,Bryan Mata,placed on 15-day IL with strained right hamstring
2024-03-28,Red Sox,,Chris Murphy (Michael),placed on 60-day IL with sprained UCL in left elbow
2024-03-28,Red Sox,,Liam Hendriks,"placed on 60-day IL recovering from ligament replacement (""Tommy John"") surgery on right elbow"
2024-03-28,Red Sox,,Rob Refsnyder,placed on 10-day IL with fractured left toe
2024-03-28,Red Sox,,Vaughn Grissom,placed on 10-day IL with strained left hamstring
2024-03-28,Reds,,Matt McLain,transferred to 60-day IL recovering from surgery on left shoulder
2024-03-28,Rockies,,Daniel Bard,placed on 15-day IL recovering from arthroscopic surgery on left knee
2024-03-28,Rockies,,Lucas Gilbreath,"placed on 15-day IL recovering from ligament replacement (""Tommy John"") surgery on left elbow"
2024-03-28,Tigers,,Sawyer Gipson-Long,placed on 15-day IL with strained left groin
2024-03-28,Twins,,Anthony DeSclafani,placed on 60-day IL with strained right elbow
2024-03-28,Twins,,Caleb Thielbar,placed on 15-day IL with strained left hamstring
2024-03-28,Twins,,Jhoan Duran,placed on 15-day IL with strained right oblique muscle
2024-03-28,Twins,,Josh Staumont,placed on 15-day IL with strained left calf
2024-03-28,Twins,,Justin Topa,placed on 15-day IL with patellar tendinitis in left knee
2024-03-28,Twins,,Oliver Ortega,placed on 15-day IL recovering from surgery on right elbow to remove loose body
2024-03-28,Twins,,Zack Weiss,placed on 15-day IL with strained right shoulder
2024-03-28,White Sox,,Jimmy Lambert,placed on 60-day IL with strained rotator cuff in right shoulder
2024-03-28,White Sox,,Shane Drohan,placed on 60-day IL with nerve decompression surgery on left shoulder
2024-03-28,Yankees,,D.J. LeMahieu,placed on 10-day IL with bone bruise in right foot
2024-03-28,Yankees,,Gerrit Cole,placed on 60-day IL with right elbow inflammation
2024-03-28,Yankees,,McKinley Moore,placed on 15-day IL with bursitis in right knee
2024-03-28,Yankees,,Oswald Peraza (Dair),placed on 10-day IL with strained right shoulder
2024-03-28,Yankees,,Tommy Kahnle,placed on 15-day IL with right shoulder inflammation
2024-03-29,Giants,,Luke Jackson,placed on 15-day IL with strained lower back
2024-03-30,Braves,,Sean Murphy (Michael),placed on 10-day IL with strained left oblique
2024-03-30,Cubs,,Justin Steele,placed on 15-day IL with strained left hamstring
2024-03-30,Nationals,,Nick Senzel,placed on 10-day IL with fractured right thumb
2024-03-30,Twins,,Royce Lewis,placed on 10-day IL with strained right quadriceps
2024-03-31,Cardinals,,Riley O'Brien,placed on 15-day IL with strained right forearm flexor
2024-03-31,Dodgers,,Emmet Sheehan,transferred to 60-day IL with right forearm inflammation
2024-03-31,Orioles,,Cionel Perez,placed on 15-day IL with strained left/right oblique
2024-03-31,Phillies,,Luis Ortiz (Francisco),placed on 15-day IL with sprained left ankle
2024-04-01,Diamondbacks,,Alek Thomas,placed on 10-day IL with strained left hamstring
2024-04-01,Mets,,Tylor Megill,placed on 15-day IL with strained right shoulder
2024-04-02,Dodgers,,Brusdar Graterol,transferred to 60-day IL with right shoulder inflammation
2024-04-02,Rangers,,Josh Jung,placed on 10-day IL recovering from surgery on right wrist to repair fracture
2024-04-03,Brewers,,Trevor Megill,placed on 7-day IL with concussion
2024-04-03,Dodgers,,Jason Heyward,placed on 10-day IL with tightness in lower back
2024-04-03,Pirates,,Jason Delay,placed on 10-day IL with right knee inflammation
2024-04-04,Astros,,Luis Garcia (Heibardo),"transferred to 60-day IL recovering from ligament replacement (""Tommy John"") surgery on right elbow"
2024-04-04,Astros,,Penn Murfee,"transferred to 60-day IL recovering from ligament replacement (""Tommy John"") surgery on right elbow"
2024-04-04,Cardinals,,Matt Carpenter (Martin),placed on 10-day IL with strained right oblique
2024-04-04,Marlins,,Eury Perez,transferred to 60-day IL with right elbow inflammation
2024-04-04,Nationals,,Victor Robles,placed on 10-day IL with strained left hamstring
2024-04-05,White Sox,,Eloy Jimenez,placed on 10-day IL with strained left adductor
2024-04-05,Yankees,,Jonathan Loaisiga,placed on 60-day IL with strained right forearm flexor
2024-04-05,Diamondbacks,Randal Grichuk,,activated from 10-day IL
2024-04-06,Astros,,Bennett Sousa,transferred to 60-day IL with thoracic outlet syndrome in left shoulder
2024-04-06,Brewers,,Jake Junis,placed on 15-day IL with right shoulder impingement
2024-04-06,Guardians,,Shane Bieber,"placed on 15-day IL with ligament replacement (""Tommy John"") surgery on right elbow"
2024-04-06,Red Sox,,Trevor Story,placed on 10-day IL with fractured glenoid rim in left shoulder
2024-04-06,White Sox,,Luis Robert Jr.,placed on 10-day IL with strained right hip flexor
2024-04-07,Braves,,Spencer Strider,placed on 15-day IL with sprained UCL in right elbow
2024-04-07,Cubs,,Julian Merryweather,placed on 15-day IL with strained right shoulder
2024-04-07,Diamondbacks,,Geraldo Perdomo,placed on 10-day IL with torn meniscus in right knee
2024-04-07,Pirates,,Ryan Borucki,placed on 15-day IL with left triceps inflammation
2024-04-07,Rangers,,Josh Sborz,placed on 15-day IL with strained rotator cuff in right shoulder
2024-04-07,Royals,,Josh Taylor (Earl),transferred to 60-day IL with sore left biceps
2024-04-07,Twins,,Daniel Duarte,placed on 15-day IL with strained right triceps
2024-04-08,Angels,,Chase Silseth,placed on 15-day IL with right elbow inflammation
2024-04-08,Angels,,Guillermo Zuniga,placed on 15-day IL with strained right pectoral muscle
2024-04-08,Mariners,,Cody Bolton,placed on 15-day IL with kidney stones
2024-04-08,Mariners,,Collin Snider,placed on 15-day IL with bruised left knee
2024-04-08,Rangers,,Josh Jung,transferred to 60-day IL recovering from surgery on right wrist to repair fracture
2024-04-08,Rangers,,Justin Foscue,placed on 10-day IL with strained left oblique
2024-04-08,Reds,,Tejay Antone,placed on 15-day IL with surgery on right elbow
2024-04-08,Tigers,,Andy Ibanez (b. 1993-04-03),placed on 10-day IL with strained left hamstring
2024-04-08,White Sox,,John Brebbia,placed on 15-day IL with strained left/right calf
2024-04-09,Astros,,Framber Valdez,placed on 15-day IL with sore left elbow
2024-04-09,Brewers,,Devin Williams,transferred to 60-day IL with stress fracture in back
2024-04-09,Nationals,,Josiah Gray,placed on 15-day IL with strained right forearm flexor
2024-04-09,Red Sox,,Nick Pivetta,placed on 15-day IL with strained right elbow flexor
2024-04-09,Twins,,Max Kepler,placed on 10-day IL with bruised right knee
2024-04-09,Twins,,Oliver Ortega,transferred to 60-day IL recovering from surgery on right elbow to remove loose body
2024-04-09,Twins,,Zack Weiss,transferred to 60-day IL with strained right shoulder
2024-04-09,Cardinals,Sonny Gray,,activated from 15-day IL
2024-04-10,Guardians,,Shane Bieber,"transferred to 60-day IL with ligament replacement (""Tommy John"") surgery on right elbow"
2024-04-10,Mets,,Kodai Senga,transferred to 60-day IL with strained posterior capsule in right shoulder
2024-04-10,White Sox,,Yoan Moncada,placed on 10-day IL with strained left adductor
2024-04-10,Brewers,Wade Miley,,activated from 15-day IL
2024-04-10,Pirates,Carmen Mlodzinski,,activated from 15-day IL
2024-04-11,Athletics,,Brent Rooker,placed on 10-day IL with abdominal injury (costochondral cartilage)
2024-04-11,Athletics,,Luis Medina (Angel),transferred to 60-day IL with sprained MCL in right knee
2024-04-11,Cardinals,Lars Nootbaar,,activated from 10-day IL
2024-04-11,Pirates,Colin Holderman,,activated from 15-day IL
2024-04-12,Rays,,Brandon Lowe (Norman),placed on 10-day IL with strained right oblique
2024-04-12,Red Sox,,Isaiah Campbell,placed on 15-day IL with right shoulder impingement
2024-04-12,White Sox,,Yoan Moncada,transferred to 60-day IL with strained left adductor
2024-04-13,Dodgers,,Bobby Miller,placed on 15-day IL with right shoulder inflammation
2024-04-13,Dodgers,,Connor Brogdon,placed on 15-day IL with plantar fasciitis in right foot
2024-04-13,Rangers,,Brock Burke,placed on 15-day IL with fractured right hand
2024-04-13,Rangers,,Justin Foscue,transferred to 60-day IL with strained left oblique
2024-04-13,Red Sox,,Romy Gonzalez,placed on 10-day IL with sprained left wrist
2024-04-13,Twins,,Carlos Correa,placed on 10-day IL with strained right intercostal /oblique
2024-04-13,Yankees,,Jon Berti,placed on 10-day IL with strained left groin
2024-04-13,Astros,Shawn Dubin,,activated from 15-day IL
2024-04-13,Reds,Nick Lodolo,,activated from 15-day IL
2024-04-13,Yankees,McKinley Moore,,activated from 15-day IL
2024-04-14,Brewers,,Garrett Mitchell,transferred to 60-day IL with fractured left index finger
2024-04-14,Brewers,,J.B. Bukauskas,placed on 15-day IL with strained right lat muscle / strained triceps
2024-04-14,Pirates,,Marco Gonzales (Elias),placed on 15-day IL with strained muscle in left forearm
2024-04-14,Rangers,,Cody Bradford,placed on 15-day IL with strained lower back
2024-04-14,Phillies,Orion Kerkering,,activated from 15-day IL
2024-04-14,Pirates,Ji-Hwan Bae,,activated from 10-day IL
2024-04-14,Twins,Caleb Thielbar,,activated from 15-day IL
2024-04-15,Athletics,,J.D. Davis,placed on 10-day IL with strained right adductor
2024-04-15,Cubs,,Seiya Suzuki,placed on 10-day IL with strained right oblique
2024-04-15,Mariners,,Dominic Canzone,placed on 10-day IL with sprained AC joint in left shoulder
2024-04-15,Marlins,,Christian Bethancourt,placed on 10-day IL with viral illness
2024-04-15,Marlins,,Jake Burger,placed on 10-day IL with strained left intercostal
2024-04-15,Nationals,,Keibert Ruiz,placed on 10-day IL with flu
2024-04-15,White Sox,,Max Stassi,transferred to 60-day IL with left hip inflammation
2024-04-15,Blue Jays,Danny Jansen,,activated from 10-day IL
2024-04-15,Guardians,Xzavion Curry,,activated from 15-day IL
2024-04-15,Marlins,Edward Cabrera,,activated from 15-day IL
2024-04-15,Nationals,Nick Senzel,,activated from 10-day IL
2024-04-15,Rangers,Michael Lorenzen,,activated from 15-day IL
2024-04-15,White Sox,Eloy Jimenez,,activated from 10-day IL
2024-04-16,Braves,,Ozzie Albies,placed on 10-day IL with fractured right toe
2024-04-16,Brewers,,Christian Yelich,placed on 10-day IL with strained lower back
2024-04-16,Orioles,,Tyler Wells (Austin),placed on 15-day IL with right elbow inflammation
2024-04-16,Blue Jays,Erik Swanson,,activated from 15-day IL
2024-04-16,Blue Jays,Jordan Romano,,activated from 15-day IL
2024-04-17,Cubs,,Julian Merryweather,transferred to 60-day IL with strained right shoulder
2024-04-17,Diamondbacks,,Eduardo Rodriguez (José),transferred to 60-day IL with strained left shoulder
2024-04-17,Diamondbacks,,Luis Frias,placed on 15-day IL with right shoulder inflammation
2024-04-17,Guardians,,Angel Martinez (b. 2002-01-27),transferred to 60-day IL with fractured hamate bone in left/right foot
2024-04-17,Indians,,Eli Morgan,placed on 15-day IL with right shoulder inflammation
2024-04-17,Padres,,Yu Darvish,placed on 15-day IL with tightness in neck
2024-04-17,Red Sox,,Garrett Whitlock,placed on 15-day IL with strained left oblique
2024-04-17,Rockies,,Kris Bryant,placed on 10-day IL with strained lower back
2024-04-17,Guardians,Ben Lively,,activated from 15-day IL
2024-04-17,Mariners,Sam Haggerty,,activated from 10-day IL
2024-04-18,Red Sox,,Trevor Story,transferred to 60-day IL recovering from surgery on left shoulder to repair fractured glenoid rim
2024-04-18,Red Sox,,Tyler O'Neill,placed on 7-day IL with concussion
2024-04-18,Cubs,Jameson Taillon,,activated from 15-day IL
2024-04-18,Cubs,Patrick Wisdom,,activated from 10-day IL
2024-04-18,Rangers,,Brock Burke,transferred to 60-day IL with fractured right hand
2024-04-18,Red Sox,Rob Refsnyder,,activated from 10-day IL
2024-04-19,Diamondbacks,,Ryne Nelson (Tanner),placed on 15-day IL with bruised right elbow
2024-04-19,Reds,,Tejay Antone,transferred to 60-day IL recovering from surgery on right elbow to repair UCL / flexor tendon
2024-04-19,Rockies,,Kyle Freeland,placed on 15-day IL with strained left elbow
2024-04-19,Yankees,,Nick Burdi,placed on 15-day IL with right hip inflammation
2024-04-19,Astros,Justin Verlander,,activated from 15-day IL
2024-04-19,Athletics,Brent Rooker,,activated from 10-day IL
2024-04-19,Brewers,Trevor Megill,,activated from 7-day IL
2024-04-19,Royals,Michael Massey (a),,activated from 10-day IL
2024-04-19,Twins,Josh Staumont,,activated from 15-day IL
2024-04-20,Blue Jays,,Chad Green (Keith),placed on 15-day IL with strained teres major in right shoulder
2024-04-20,Dodgers,,Kyle Hurt,placed on 15-day IL with right shoulder inflammation
2024-04-20,Giants,,Alex Cobb,transferred to 60-day IL with surgery on left hip
2024-04-20,Marlins,,A.J. Puk,placed on 15-day IL with left shoulder fatigue
2024-04-20,Marlins,,Josh Simpson (Wayne),transferred to 60-day IL with ulnar neuritis in left elbow
2024-04-20,Mets,,Francisco Alvarez,placed on 10-day IL with torn ligament in left thumb
2024-04-20,Rays,,Taylor Walls,transferred to 60-day IL with right hip impingement
2024-04-20,Tigers,,Gio Urshela,placed on 10-day IL with strained right hamstring
2024-04-20,Giants,Sean Hjelle,,activated from 15-day IL
2024-04-20,Rangers,Nate Lowe,,activated from 10-day IL
2024-04-21,Angels,,Anthony Rendon,placed on 10-day IL with strained left hamstring
2024-04-21,Angels,,Robert Stephenson,transferred to 60-day IL with right shoulder inflammation
2024-04-21,Astros,,Cristian Javier,placed on 15-day IL with discomfort in neck
2024-04-21,Brewers,,D.L. Hall,placed on 15-day IL with sprained left knee
2024-04-21,Mets,,Brooks Raley,placed on 15-day IL with left elbow inflammation
2024-04-21,Red Sox,,Triston Casas,placed on 10-day IL with strained left ribcage muscle / fractured rib
2024-04-21,Rockies,,Daniel Bard,transferred to 60-day IL recovering from surgery on right elbow
2024-04-21,Mariners,Cody Bolton,,activated from 15-day IL
2024-04-22,Brewers,,Wade Miley,placed on 15-day IL with left elbow inflammation
2024-04-22,Orioles,,Austin Hays,placed on 10-day IL with strained left calf
2024-04-22,Reds,,Frankie Montas,placed on 15-day IL with bruised forearm
2024-04-22,Twins,,Daniel Duarte,transferred to 60-day IL with strained right triceps
2024-04-22,Giants,Luke Jackson,,activated from 15-day IL
2024-04-22,Mets,Sean Reid-Foley,,activated from 15-day IL
2024-04-22,Rangers,Jonathan Hernandez,,activated from 15-day IL
2024-04-22,Rays,,Pete Fairbanks,placed on 15-day IL with nerve irritation in arm / various injuries
2024-04-22,Twins,Max Kepler,,activated from 10-day IL
2024-04-22,White Sox,John Brebbia,,activated from 15-day IL
2024-04-23,Cubs,,Kyle Hendricks,placed on 15-day IL with strained lower back
2024-04-23,Cubs,,Drew Smyly,placed on 15-day IL with right hip impingement
2024-04-23,Diamondbacks,,Kyle Nelson,placed on 15-day IL with left shoulder inflammation
2024-04-23,Diamondbacks,,Merrill Kelly,placed on 15-day IL with strained right shoulder
2024-04-23,Diamondbacks,,Miguel Castro,placed on 15-day IL with right shoulder inflammation
2024-04-23,Nationals,,Robert Garcia (Christopher),placed on 15-day IL with flu
2024-04-23,Red Sox,,Tyler Heineman,placed on 10-day IL with strained right hamstring
2024-04-23,Mariners,Collin Snider,,activated from 15-day IL
2024-04-23,Mets,Max Kranick,,activated from 15-day IL
2024-04-23,Red Sox,Tyler O'Neill,,activated from 7-day IL
2024-04-23,Reds,Sam Moll,,activated from 15-day IL
2024-04-24,Blue Jays,,Kevin Kiermaier,placed on 10-day IL with left hip flexor inflammation
2024-04-24,Cubs,,Cody Bellinger,placed on 10-day IL with fractured right rib
2024-04-24,Giants,,Blake Snell,placed on 15-day IL with strained left adductor
2024-04-24,Nationals,,Lane Thomas,placed on 10-day IL with sprained MCL in left knee
2024-04-24,Rangers,,Austin Pruitt,placed on 15-day IL with right knee injury
2024-04-24,Red Sox,,Brayan Bello,placed on 15-day IL with tightness in right lat muscle
2024-04-24,Reds,,Alex Young,transferred to 60-day IL with disc degeneration in lower back
2024-04-24,Marlins,Christian Bethancourt,,activated from 10-day IL
2024-04-25,Athletics,,Jake Gelof,placed on 10-day IL
2024-04-25,Athletics,,Zack Gelof,placed on 10-day IL with strained left oblique
2024-04-25,Blue Jays,,Bowden Francis,placed on 15-day IL with right forearm extensor tendinitis
2024-04-25,Mariners,,Gregory Santos,transferred to 60-day IL with strained right lat muscle
2024-04-25,Mariners,,J.P. Crawford,placed on 10-day IL with strained right oblique
2024-04-25,Royals,,Alec Marsh,placed on 15-day IL with bruised right elbow
2024-04-25,Nationals,Keibert Ruiz,,activated from 10-day IL
2024-04-25,Nationals,Stone Garrett,,activated from 10-day IL
2024-04-25,Rangers,Josh Sborz,,activated from 15-day IL
2024-04-26,Marlins,,Jesus Luzardo,placed on 15-day IL with tightness in left elbow
2024-04-26,Rays,,Colin Poche (Michael),placed on 15-day IL with tightness in mid back
2024-04-26,Braves,Ozzie Albies,,activated from 10-day IL
2024-04-27,Dodgers,,Kyle Hurt,transferred to 60-day IL with right shoulder inflammation
2024-04-27,Mets,,Drew Smith (David),placed on 15-day IL with right shoulder inflammation
2024-04-27,Nationals,,Joey Gallo,placed on 10-day IL with sprained AC joint in left shoulder
2024-04-27,Red Sox,,Triston Casas,transferred to 60-day IL with strained left ribcage muscle
2024-04-27,Astros,Framber Valdez,,activated from 15-day IL
2024-04-28,Angels,,Jose Cisnero,placed on 15-day IL with right shoulder inflammation
2024-04-28,Cubs,,Jordan Wicks,placed on 15-day IL with strained left forearm
2024-04-28,Marlins,,Avisail Garcia,placed on 10-day IL with strained left hamstring
2024-04-28,Phillies,Taijuan Walker,,activated from 15-day IL
2024-04-29,Dodgers,,Ryan Brasier,placed on 15-day IL with strained right calf
2024-04-29,Rays,,Chris Devenski,placed on 15-day IL with right knee tendinitis
2024-04-29,Orioles,Cionel Perez,,activated from 15-day IL
2024-04-29,Twins,Carlos Correa,,activated from 10-day IL
2024-04-30,Angels,,Chase Silseth,transferred to 60-day IL with right elbow inflammation
2024-04-30,Angels,,Michael Stefanic,transferred to 60-day IL with strained left quadriceps
2024-04-30,Angels,,Mike Trout,placed on 10-day IL with surgery on left knee to repair torn meniscus
2024-04-30,Astros,,Grae Kessinger,placed on 10-day IL with discomfort in right shoulder
2024-04-30,Blue Jays,,Yariel Rodriguez,placed on 15-day IL with thoracic spine inflammation
2024-04-30,Brewers,,Wade Miley,transferred to 60-day IL with left elbow inflammation
2024-04-30,Cardinals,,Drew Rom (M.),transferred to 60-day IL with strained left forearm
2024-04-30,Diamondbacks,,Kyle Nelson,transferred to 60-day IL with left shoulder inflammation
2024-04-30,Orioles,,Grayson Rodriguez,placed on 15-day IL with right shoulder inflammation
2024-04-30,Rockies,,Lucas Gilbreath,"transferred to 60-day IL recovering from ligament replacement (""Tommy John"") surgery on left elbow"
2024-04-30,Rockies,,Nolan Jones,placed on 10-day IL with strained lower back
2024-04-30,Padres,Yu Darvish,,activated from 15-day IL
2024-04-30,Tigers,Andy Ibanez (b. 1993-04-03),,activated from 10-day IL
2024-04-30,Twins,Jhoan Duran,,activated from 15-day IL
2024-05-01,Angels,,Miguel Sano,placed on 10-day IL with left knee inflammation
2024-05-01,Astros,,Chas McCormick,placed on 10-day IL with discomfort in right hamstring
2024-05-01,Cardinals,,Steven Matz,placed on 15-day IL with strained lower back
2024-05-01,Red Sox,,Masataka Yoshida,placed on 10-day IL with strained left thumb
2024-05-01,Orioles,John Means,,activated from 15-day IL
2024-05-02,Diamondbacks,,Merrill Kelly,transferred to 60-day IL with strained right shoulder
2024-05-02,Orioles,Kyle Bradish,,activated from 15-day IL
2024-05-03,Athletics,,Freddy Tarnok,transferred to 60-day IL with right hip inflammation
2024-05-03,Marlins,,Bryan Hoeing,placed on 15-day IL with strained left hamstring
2024-05-03,Phillies,,Yunior Marte (b. 1995-02-02),placed on 15-day IL with right shoulder inflammation
2024-05-03,Rangers,,Nathan Eovaldi,placed on 15-day IL with strained right groin
2024-05-03,Twins,,Brock Stewart,placed on 15-day IL with right shoulder tendinitis
2024-05-03,Twins,,Byron Buxton,placed on 10-day IL with right knee inflammation
2024-05-03,Athletics,J.D. Davis,,activated from 10-day IL
2024-05-03,Pirates,Yasmani Grandal,,activated from 10-day IL
2024-05-03,Rays,Jonny DeLuca,,activated from 10-day IL
2024-05-03,Red Sox,Vaughn Grissom,,activated from 10-day IL
2024-05-04,Braves,,Angel Perdomo,transferred to 60-day IL with left elbow injury
2024-05-04,Braves,,Pierce Johnson,placed on 15-day IL with right elbow inflammation
2024-05-04,Brewers,,Joey Wiemer,placed on 10-day IL with discomfort in left knee / strained left knee
2024-05-04,Giants,,Patrick Bailey,placed on 7-day IL with concussion
2024-05-04,Phillies,,Trea Turner,placed on 10-day IL with strained left hamstring
2024-05-04,White Sox,,Danny Mendick,placed on 10-day IL with tightness in lower back
2024-05-04,Blue Jays,Kevin Kiermaier,,activated from 10-day IL
2024-05-04,Marlins,Jake Burger,,activated from 10-day IL
2024-05-04,Yankees,Jon Berti,,activated from 10-day IL
2024-05-05,Dodgers,,Evan Phillips,placed on 15-day IL with strained right hamstring
2024-05-05,Giants,,Tom Murphy (James),placed on 10-day IL with sprained left knee
2024-05-05,Padres,,Joe Musgrove,placed on 15-day IL with right elbow inflammation
2024-05-05,Blue Jays,Alek Manoah,,activated from 15-day IL
2024-05-05,Cardinals,Dylan Carlson,,activated from 10-day IL
2024-05-05,Diamondbacks,Ryne Nelson (Tanner),,activated from 15-day IL
2024-05-05,Dodgers,Blake Treinen,,activated from 15-day IL
2024-05-06,Athletics,,Joe Boyle,placed on 15-day IL with strained lower back
2024-05-06,Brewers,,Jake Junis,transferred to 60-day IL with right shoulder impingement
2024-05-06,Cardinals,,Giovanny Gallegos,placed on 15-day IL with right shoulder impingement
2024-05-06,Cardinals,,Tommy Edman,transferred to 60-day IL with sprained right wrist
2024-05-06,Dodgers,,Joe Kelly (William),placed on 15-day IL with strained right posterior shoulder
2024-05-06,Guardians,,Steven Kwan,placed on 10-day IL with strained left hamstring
2024-05-06,Rangers,,Wyatt Langford,placed on 10-day IL with strained right hamstring
2024-05-06,White Sox,,Dominic Leone,placed on 15-day IL with tightness in lower back
2024-05-06,Cubs,Justin Steele,,activated from 15-day IL
2024-05-06,Dodgers,Walker Buehler,,activated from 15-day IL
2024-05-06,Guardians,Sam Hentges,,activated from 15-day IL
2024-05-06,Rays,,Jacob Waguespack,placed on 15-day IL with strained shoulder / rotator cuff inflammation in right shoulder
2024-05-06,Rays,Josh Lowe (Edward),,activated from 10-day / 15-day IL
2024-05-07,Braves,,Tyler Matzek,placed on 15-day IL with left elbow inflammation
2024-05-07,Cubs,,Daniel Palencia,placed on 15-day IL with strained right shoulder
2024-05-07,Marlins,,Xavier Edwards,transferred to 60-day IL with infection in left foot
2024-05-07,Reds,,Ian Gibaut,transferred to 60-day IL with strained right forearm
2024-05-07,Tigers,,Sawyer Gipson-Long,transferred to 60-day IL with strained left groin
2024-05-07,Cubs,Cody Bellinger,,activated from 10-day IL
2024-05-07,Diamondbacks,Paul Sewald,,activated from 15-day IL
2024-05-07,Nationals,Robert Garcia (Christopher),,activated from 15-day IL
2024-05-07,Nationals,Victor Robles,,activated from 10-day IL
2024-05-07,Reds,Frankie Montas,,activated from 15-day IL
2024-05-07,Reds,T.J. Friedl,,activated from 10-day IL
2024-05-08,Athletics,,Darell Hernaiz,placed on 10-day IL with sprained left ankle
2024-05-08,Cardinals,,Willson Contreras,placed on 10-day IL with fractured left forearm
2024-05-08,Giants,,Jorge Soler,placed on 10-day IL with strained right shoulder
2024-05-08,Mariners,,Matt Brash,transferred to 60-day IL with right elbow inflammation
2024-05-08,Mariners,,Tayler Saucedo,placed on 15-day IL with hyperextended right knee
2024-05-08,Marlins,,Edward Cabrera,placed on 15-day IL with right shoulder impingement
2024-05-08,Rangers,,Dane Dunning,placed on 15-day IL with strained rotator cuff in right shoulder
2024-05-08,Rays,,Ryan Pepiot,placed on 15-day IL with bruised left lower leg
2024-05-08,Reds,,Brandon Williamson (Martin),transferred to 60-day IL with strained left shoulder
2024-05-08,Reds,,Christian Encarnacion-Strand,placed on 10-day IL with fractured ulnar styloid in right wrist
2024-05-08,Brewers,Christian Yelich,,activated from 10-day IL
2024-05-08,Mariners,Eduard Bazardo,,activated from 15-day IL
2024-05-08,Marlins,Braxton Garrett,,activated from 15-day IL
2024-05-08,Rays,Taj Bradley,,activated from 15-day IL
2024-05-08,Red Sox,Nick Pivetta,,activated from 15-day IL
2024-05-08,Red Sox,Romy Gonzalez,,activated from 10-day IL
2024-05-09,Angels,,Anthony Rendon,transferred to 60-day IL with strained left hamstring
2024-05-09,Angels,,Brandon Drury,placed on 10-day IL with strained left hamstring
2024-05-09,Angels,,Luis Rengifo,placed on 10-day IL with viral infection
2024-05-09,Guardians,,Gavin Williams,transferred to 60-day IL with right elbow inflammation
2024-05-09,Rangers,,Josh Sborz,placed on 15-day IL with strained rotator cuff in right shoulder
2024-05-09,Angels,,Kelvin Caceres,placed on 60-day IL with right lat muscle injury
2024-05-10,Angels,,Ehire Adrianza,placed on 10-day IL with back spasms
2024-05-10,Brewers,,J.B. Bukauskas,transferred to 60-day IL with strained right lat muscle / strained right triceps
2024-05-10,Cardinals,,Riley O'Brien,transferred to 60-day IL with strained right forearm flexor
2024-05-10,Cubs,,Dansby Swanson,placed on 10-day IL with sprained right knee
2024-05-10,Giants,,Nick Ahmed,placed on 10-day IL with sprained left wrist
2024-05-10,Pirates,,Jason Delay,transferred to 60-day IL with right knee inflammation
2024-05-10,Astros,Grae Kessinger,,activated from 10-day IL
2024-05-10,Cubs,Seiya Suzuki,,activated from 10-day IL
2024-05-10,Mariners,Bryan Woo (a),,activated from 15-day IL
2024-05-10,Royals,Alec Marsh,,activated from 15-day IL
2024-05-10,Yankees,Nick Burdi,,activated from 15-day IL
2024-05-11,Cubs,,Yency Almonte,placed on 15-day IL with strained right shoulder
2024-05-11,Giants,,Austin Slater,placed on 7-day IL with concussion
2024-05-11,Pirates,,Ke'Bryan Hayes,placed on 10-day IL with back inflammation
2024-05-11,Tigers,,Kenta Maeda,placed on 15-day IL with viral illness
2024-05-11,Astros,Cristian Javier,,activated from 15-day IL
2024-05-11,Cardinals,Matt Carpenter (Martin),,activated from 10-day IL
2024-05-11,Giants,Patrick Bailey,,activated from 7-day IL
2024-05-11,Marlins,Jesus Luzardo,,activated from 15-day IL
2024-05-11,Rays,Pete Fairbanks,,activated from 15-day IL
2024-05-12,Giants,,Michael Conforto,placed on 10-day IL with strained right hamstring
2024-05-12,Marlins,,J.T. Chargois,transferred to 60-day IL with neck spasms
2024-05-12,Cubs,Kyle Hendricks,,activated from 15-day IL
2024-05-12,Red Sox,Brayan Bello,,activated from 15-day IL
2024-05-13,Athletics,,Paul Blackburn,placed on 15-day IL with stress reaction in fifth metatarsal in right foot
2024-05-13,Cubs,,Adbert Alzolay,placed on 15-day IL with strained right forearm
2024-05-13,Giants,,Jung Hoo Lee,placed on 10-day IL with dislocated left shoulder (out for season)
2024-05-13,Marlins,,Tim Anderson (Devon),placed on 10-day IL with tightness in lower back
2024-05-13,Reds,,T.J. Friedl,placed on 10-day IL with fractured left thumb
2024-05-13,Tigers,,Shelby Miller,placed on 15-day IL with ulnar nerve inflammation
2024-05-13,Marlins,A.J. Puk,,activated from 15-day IL
2024-05-13,Mets,,Shintaro Fujinami,placed on 15-day IL with strained right shoulder
2024-05-13,Orioles,Austin Hays,,activated from 10-day IL
2024-05-14,Brewers,,Rhys Hoskins,placed on 10-day IL with strained right hamstring
2024-05-14,Giants,,Patrick Bailey,placed on 7-day IL with concussion
2024-05-14,Athletics,Zack Gelof,,activated from 10-day IL
2024-05-14,Rays,Jonathan Aranda,,activated from 10-day IL
2024-05-14,Tigers,Gio Urshela,,activated from 10-day IL
2024-05-15,Athletics,,Alex Wood,placed on 15-day IL with rotator cuff tendinitis in left shoulder
2024-05-15,Athletics,,Darell Hernaiz,transferred to 60-day IL with sprained left ankle
2024-05-15,Cubs,,Keegan Thompson,placed on 15-day IL with viral illness
2024-05-15,Giants,,Tom Murphy (James),transferred to 60-day IL with sprained left knee
2024-05-15,Rangers,,Max Scherzer,transferred to 60-day IL recovering from surgery on back to repair herniated disc
2024-05-15,Reds,,Nick Lodolo,placed on 15-day IL with strained left groin
2024-05-15,Brewers,Taylor Clarke,,activated from 15-day IL
2024-05-15,Mariners,Dominic Canzone,,activated from 10-day IL
2024-05-16,Angels,Luis Rengifo,,activated from 10-day IL
2024-05-17,Athletics,,Max Muncy (Price),placed on 10-day IL with strained right oblique
2024-05-17,Cubs,,Colten Brewer,placed on 15-day IL with strained lower back
2024-05-17,Giants,,Keaton Winn,placed on 15-day IL with strained right forearm
2024-05-17,Reds,,Justin Wilson (James),placed on 15-day IL with tightness in left shoulder
2024-05-17,White Sox,,Bryan Ramos,placed on 10-day IL with strained left quadriceps
2024-05-17,Dodgers,Jason Heyward,,activated from 10-day IL
2024-05-17,Giants,Jorge Soler,,activated from 10-day IL
2024-05-17,Nationals,Joey Gallo,,activated from 10-day IL
2024-05-17,White Sox,Danny Mendick,,activated from 10-day IL
2024-05-18,Giants,,Jung Hoo Lee,transferred to 60-day IL recovering from surgery on left shoulder to repair torn labrum (out for season)
2024-05-18,Rays,,Jacob Waguespack,transferred to 60-day IL with rotator cuff inflammation in right shoulder
2024-05-18,Braves,Pierce Johnson,,activated from 15-day IL
2024-05-18,Orioles,Grayson Rodriguez,,activated from 15-day IL
2024-05-18,Red Sox,Tyler Heineman,,activated from 10-day IL
2024-05-18,Twins,Byron Buxton,,activated from 10-day IL
2024-05-19,Dodgers,,Connor Brogdon,transferred to 60-day IL with plantar fasciitis in right foot
2024-05-19,Rockies,,Jake Bird,placed on 15-day IL with right elbow inflammation
2024-05-20,Rays,,Zach Eflin,placed on 15-day IL with lower back inflammation
2024-05-20,Yankees,,Ian Hamilton,placed on 7-day IL with COVID-19
2024-05-20,Brewers,Joey Wiemer,,activated from 10-day IL
2024-05-20,Cubs,Dansby Swanson,,activated from 10-day IL
2024-05-20,Mariners,J.P. Crawford,,activated from 10-day IL
2024-05-20,Mets,Tylor Megill,,activated from 15-day IL
2024-05-20,Rays,Brandon Lowe (Norman),,activated from 10-day IL
2024-05-20,Royals,Jake Brentz,,activated from 15-day IL
2024-05-20,White Sox,Dominic Leone,,activated from 15-day IL
2024-05-20,Yankees,Oswald Peraza (Dair),,activated from 10-day IL
2024-05-21,Brewers,,Joe Ross (Andrew),placed on 15-day IL with strained lower back
2024-05-21,Guardians,,Carlos Carrasco,placed on 15-day IL with neck spasms
2024-05-21,Rangers,,Austin Pruitt,transferred to 60-day IL with right knee injury
2024-05-21,Astros,Chas McCormick,,activated from 10-day IL
2024-05-21,Athletics,Scott Alexander,,activated from 15-day IL
2024-05-21,Giants,Patrick Bailey,,activated from 7-day IL
2024-05-21,Marlins,Tim Anderson (Devon),,activated from 10-day IL
2024-05-21,Padres,Joe Musgrove,,activated from 15-day IL
2024-05-21,Rockies,Kris Bryant,,activated from 10-day IL
2024-05-22,Padres,,Luis Patino,"transferred to 60-day IL with ligament replacement (""Tommy John"") surgery on elbow"
2024-05-22,Padres,,Xander Bogaerts,placed on 10-day IL with fractured left shoulder
2024-05-22,White Sox,,Eloy Jimenez,placed on 10-day IL with strained left hamstring
2024-05-22,White Sox,,Steven Wilson (Christopher),placed on 15-day IL with strained back
2024-05-22,Giants,Blake Snell,,activated from 15-day IL
2024-05-22,Rangers,Dane Dunning,,activated from 15-day IL
2024-05-22,Rays,Ryan Pepiot,,activated from 15-day IL
2024-05-22,Yankees,Tommy Kahnle,,activated from 15-day IL
2024-05-23,Athletics,,Esteury Ruiz,placed on 10-day IL with strained left wrist
2024-05-23,Orioles,,John Means,placed on 15-day IL with strained left forearm
2024-05-23,Rangers,,Cody Bradford,transferred to 60-day IL with strained lower back
2024-05-23,Rangers,,Jon Gray,placed on 15-day IL with strained right groin
2024-05-23,Reds,,Emilio Pagan,placed on 15-day IL with tightness in right triceps
2024-05-23,Rays,Shane Baz (Austin),,activated from 15-day IL
2024-05-24,Braves,,A.J. Smith-Shawver,placed on 15-day IL with strained left oblique
2024-05-24,Orioles,,Dean Kremer,placed on 15-day IL with strained right triceps
2024-05-24,Rockies,,Kyle Freeland,transferred to 60-day IL with strained left elbow
2024-05-24,White Sox,,Dominic Leone,placed on 15-day IL with right elbow inflammation
2024-05-24,Yankees,,Nick Burdi,placed on 15-day IL with right hip inflammation
2024-05-24,Athletics,Miguel Andujar,,activated from 10-day IL
2024-05-24,Royals,Carlos Hernandez (b. 1997-03-11),,activated from 15-day IL
2024-05-24,Tigers,Kenta Maeda,,activated from 15-day IL
2024-05-25,Athletics,,Ross Stripling,placed on 15-day IL with strained right elbow
2024-05-25,Rays,,Josh Lowe (Edward),placed on 10-day IL with strained right oblique
2024-05-25,Yankees,,D.J. LeMahieu,transferred to 60-day IL with fractured right foot
2024-05-25,Yankees,,Jon Berti,placed on 10-day IL with strained left calf
2024-05-25,Angels,Guillermo Zuniga,,activated from 15-day IL
2024-05-25,Cubs,Drew Smyly,,activated from 15-day IL
2024-05-25,Rays,Chris Devenski,,activated from 15-day IL
2024-05-25,White Sox,Bryan Ramos,,activated from 10-day IL
2024-05-26,Cardinals,,Nick Robertson,placed on 15-day IL with right elbow inflammation
2024-05-26,Rockies,,Jordan Beck (Alexander),placed on 10-day IL with fractured left hand
2024-05-26,Royals,,Michael Massey (a),placed on 10-day IL with sprained lower back
2024-05-26,Mariners,Tayler Saucedo,,activated from 15-day IL
2024-05-27,Astros,,Cristian Javier,placed on 15-day IL with discomfort in right forearm
2024-05-27,Braves,,Ronald Acuna Jr.,placed on 10-day IL with torn ACL in left knee (out for season)
2024-05-27,Rockies,,Justin Lawrence,placed on 15-day IL with strained right shoulder
2024-05-27,Twins,,Jorge Polanco,placed on 10-day IL with strained right hamstring
2024-05-27,Braves,Sean Murphy (Michael),,activated from 10-day IL
2024-05-27,Mariners,,Sam Haggerty,placed on 60-day IL with torn Achilles tendon (out for season)
2024-05-27,Marlins,Xavier Edwards,,activated from 60-day IL
2024-05-27,Nationals,Lane Thomas,,activated from 10-day IL
2024-05-27,Phillies,Rafael Marchan,,activated from 10-day IL
2024-05-27,Reds,Nick Lodolo,,activated from 15-day IL
2024-05-27,Twins,Josh Winder,,activated from 60-day IL
2024-05-28,Giants,,Lamonte Wade Jr.,placed on 10-day IL with strained left hamstring
2024-05-28,Pirates,,Joey Bart (Andrew),placed on 10-day IL with left thumb injury
2024-05-28,Pirates,,Martin Perez,placed on 15-day IL with strained left groin
2024-05-28,Rangers,,Evan Carter,placed on 10-day IL with tightness in lower back / lumbar sprain
2024-05-28,Twins,,Justin Topa,transferred to 60-day IL with patellar tendinitis in left knee
2024-05-28,White Sox,,Mike Clevinger,placed on 15-day IL with right elbow inflammation
2024-05-28,Athletics,Aledmys Diaz,,activated from 60-day IL
2024-05-28,Blue Jays,Chad Green (Keith),,activated from 15-day IL
2024-05-28,Indians,Eli Morgan,,activated from 15-day IL
2024-05-28,Pirates,Ke'Bryan Hayes,,activated from 10-day IL
2024-05-28,Rangers,Nathan Eovaldi,,activated from 15-day IL
2024-05-28,Rangers,Wyatt Langford,,activated from 10-day IL
2024-05-28,Reds,Alex Young,,activated from 60-day IL
2024-05-28,Yankees,D.J. LeMahieu,,activated from 60-day IL
2024-05-28,Yankees,Ian Hamilton,,activated from 7-day IL
2024-05-29,Angels,,Jose Cisnero,transferred to 60-day IL with right shoulder inflammation
2024-05-29,Mets,,Edwin Diaz (Orlando),placed on 15-day IL with right shoulder impingement
2024-05-29,Red Sox,,Tyler O'Neill,placed on 10-day IL with right knee inflammation
2024-05-29,Tigers,,Kerry Carpenter,placed on 10-day IL with sore lower back / lumbar spine inflammation
2024-05-29,Angels,Michael Stefanic,,activated from 60-day IL
2024-05-29,Guardians,Angel Martinez (b. 2002-01-27),,activated from 60-day IL
2024-05-29,Mets,David Peterson (John),,activated from 60-day IL
2024-05-29,Reds,T.J. Friedl,,activated from 10-day IL
2024-05-30,Athletics,,Kyle Muller,placed on 15-day IL with left shoulder tendinitis
2024-05-30,Braves,,A.J. Minter,placed on 15-day IL with left hip inflammation
2024-05-30,Yankees,,Clarke Schmidt,placed on 15-day IL with strained right lat muscle
2024-05-31,Athletics,,Lucas Erceg,placed on 15-day IL with tightness in right forearm / strained right forearm
2024-05-31,Blue Jays,,Alek Manoah,placed on 15-day IL with sprained right elbow
2024-05-31,Blue Jays,,Jordan Romano,placed on 15-day IL with right elbow inflammation
2024-05-31,Cardinals,,Lars Nootbaar,placed on 10-day IL with strained left oblique
2024-05-31,Diamondbacks,,Zac Gallen,placed on 15-day IL with strained right hamstring
2024-05-31,Giants,,Marco Luciano,placed on 10-day IL with strained right hamstring
2024-05-31,Brewers,Rhys Hoskins,,activated from 10-day IL
2024-05-31,Dodgers,Evan Phillips,,activated from 15-day IL
2024-05-31,Guardians,Steven Kwan,,activated from 10-day IL
2024-06-01,Mariners,,Gabe Speier,placed on 15-day IL with strained rotator cuff in left shoulder
2024-06-01,Padres,,Joe Musgrove,placed on 15-day IL with right elbow inflammation
2024-06-01,Padres,,Yu Darvish,placed on 15-day IL with strained left groin
2024-06-01,Phillies,,Dylan Covey,transferred to 60-day IL with strained right shoulder
2024-06-01,Athletics,Freddy Tarnok,,activated from 60-day IL
2024-06-02,Cubs,,Adbert Alzolay,transferred to 60-day IL with strained right forearm
2024-06-02,Indians,,Eli Morgan,placed on 15-day IL with right elbow inflammation
2024-06-02,Marlins,,Sixto Sanchez,placed on 15-day IL with right shoulder inflammation
2024-06-02,Pirates,,Alika Williams,placed on 10-day IL with sprained right wrist
2024-06-02,Red Sox,,Garrett Whitlock,transferred to 60-day IL with strained left oblique
2024-06-02,Red Sox,,Romy Gonzalez,placed on 10-day IL with strained left hamstring
2024-06-02,Red Sox,,Vaughn Grissom,placed on 10-day IL with strained right hamstring
2024-06-02,Royals,,Michael Wacha,placed on 15-day IL with fractured left foot
2024-06-02,White Sox,,Andrew Benintendi,placed on 10-day IL with left Achilles tendinitis
2024-06-02,Athletics,Luis Medina (Angel),,activated from 60-day IL
2024-06-02,Guardians,Carlos Carrasco,,activated from 15-day IL
2024-06-02,Mets,Drew Smith (David),,activated from 15-day IL
2024-06-02,Reds,Justin Wilson (James),,activated from 15-day IL
2024-06-03,Giants,,Blake Snell,placed on 15-day IL with strained left groin
2024-06-03,Orioles,,Jorge Mateo,placed on 7-day IL with concussion
2024-06-03,Phillies,,Brandon Marsh,placed on 10-day IL with strained right hamstring
2024-06-03,Phillies,,Kody Clemens,placed on 10-day IL with lower back spasms
2024-06-03,Phillies,,Michael Rucker,transferred to 60-day IL with arterial vasospasm in right hand
2024-06-03,Pirates,,Marco Gonzales (Elias),transferred to 60-day IL with strained muscle in left forearm
2024-06-03,Cubs,Daniel Palencia,,activated from 15-day IL
2024-06-03,Giants,Michael Conforto,,activated from 10-day IL
2024-06-03,Pirates,Jason Delay,,activated from 60-day IL
2024-06-03,Rays,Josh Lowe (Edward),,activated from 10-day IL
2024-06-04,Athletics,,Paul Blackburn,transferred to 60-day IL with stress reaction in fifth metatarsal in right foot
2024-06-04,Braves,,Tyler Matzek,transferred to 60-day IL with left elbow inflammation
2024-06-04,Nationals,,Trevor Williams,placed on 15-day IL with strained right forearm flexor
2024-06-04,Pirates,,Ji-Hwan Bae,placed on 10-day IL with sprained right wrist
2024-06-04,Red Sox,,Wilyer Abreu,placed on 10-day IL with sprained right ankle
2024-06-04,White Sox,,Dominic Fletcher,placed on 10-day IL with sprained AC joint in left shoulder
2024-06-04,White Sox,,Tommy Pham,placed on 10-day IL with sprained left ankle
2024-06-04,Athletics,Sean Newcomb,,activated from 60-day IL
2024-06-04,Blue Jays,Bowden Francis,,activated from 15-day IL
2024-06-04,Marlins,Avisail Garcia,,activated from 10-day IL
2024-06-04,Tigers,Shelby Miller,,activated from 15-day IL
2024-06-04,Twins,Royce Lewis,,activated from 10-day IL
2024-06-04,White Sox,Luis Robert Jr.,,activated from 10-day IL
2024-06-05,Astros,,Jose Urquidy,transferred to 60-day IL with strained right forearm
2024-06-05,Brewers,,Robert Gasser,placed on 15-day IL with strained left forearm flexor
2024-06-05,Mets,,Shintaro Fujinami,transferred to 60-day IL with strained right shoulder
2024-06-05,Red Sox,,Chris Martin (Riley),placed on 15-day IL with anxiety disorder
2024-06-05,Tigers,,Alex Faedo,placed on 15-day IL with right hip inflammation
2024-06-05,Athletics,Joe Boyle,,activated from 15-day IL
2024-06-05,Giants,Austin Slater,,activated from 7-day IL
2024-06-05,Rays,Zach Eflin,,activated from 15-day IL
2024-06-05,Red Sox,Tyler O'Neill,,activated from 10-day IL
2024-06-06,Diamondbacks,,Blake Walston,placed on 15-day IL with left elbow inflammation
2024-06-06,Pirates,,Quinn Priester,placed on 15-day IL with strained right lat muscle
2024-06-06,Pirates,,Ryan Borucki,transferred to 60-day IL with left triceps inflammation
2024-06-06,Rockies,,Kris Bryant,placed on 10-day IL with bruised left rib
2024-06-06,Rockies,,Sean Bouchard,placed on 10-day IL with sprained right ankle
2024-06-06,Diamondbacks,Luis Frias,,activated from 15-day IL
2024-06-06,Red Sox,Isaiah Campbell,,activated from 15-day IL
2024-06-06,Reds,Emilio Pagan,,activated from 15-day IL
2024-06-07,Astros,,Kyle Tucker,placed on 10-day IL with bruised right shin
2024-06-07,Cubs,Jordan Wicks,,activated from 15-day IL
2024-06-07,Cubs,Keegan Thompson,,activated from 15-day IL
2024-06-07,Rays,Taylor Walls,,activated from 60-day IL
2024-06-08,Braves,,Jimmy Herget,placed on 15-day IL with right shoulder inflammation
2024-06-08,Brewers,,D.L. Hall,transferred to 60-day IL with sprained left knee
2024-06-08,Marlins,,Ryan Weathers,placed on 15-day IL with strained left index finger
2024-06-08,Rays,,Richard Lovelady,placed on 15-day IL with strained left forearm flexor
2024-06-08,Rangers,Jon Gray,,activated from 15-day IL
2024-06-08,Rays,Colin Poche (Michael),,activated from 15-day IL
2024-06-09,Athletics,,Alex Wood,transferred to 60-day IL with rotator cuff tendinitis in left shoulder
2024-06-09,Braves,,Ronald Acuna Jr.,transferred to 60-day IL with torn ACL in left knee (out for season)
2024-06-09,Mariners,,Ty France,placed on 10-day IL with fractured right heel
2024-06-09,Reds,,Emilio Pagan,placed on 15-day IL with strained right lat muscle
2024-06-09,Rockies,,Brendan Rodgers,placed on 10-day IL with strained left hamstring
2024-06-09,Giants,Keaton Winn,,activated from 15-day IL
2024-06-09,White Sox,Shane Drohan,,activated from 60-day IL
2024-06-11,Cubs,,Ben Brown,placed on 15-day IL with strained neck
2024-06-11,Orioles,,Danny Coulombe,placed on 15-day IL with left elbow inflammation
2024-06-11,Phillies,,J.T. Realmuto,placed on 10-day IL with surgery on right knee to repair meniscus
2024-06-11,Royals,,Hunter Renfroe,placed on 10-day IL with left big toe injury
2024-06-11,Tigers,,Javier Baez,placed on 10-day IL with lumbar spine inflammation
2024-06-11,White Sox,,Dominic Leone,transferred to 60-day IL with right elbow inflammation
2024-06-11,Cubs,Colten Brewer,,activated from 15-day IL
2024-06-11,Diamondbacks,Geraldo Perdomo,,activated from 10-day IL
2024-06-11,Mets,Francisco Alvarez,,activated from 10-day IL
2024-06-11,Orioles,Jorge Mateo,,activated from 7-day IL
2024-06-11,Red Sox,Masataka Yoshida,,activated from 10-day IL
2024-06-12,Nationals,,Joey Gallo,placed on 10-day IL with strained left hamstring
2024-06-12,Yankees,,Jon Berti,transferred to 60-day IL with strained left calf
2024-06-12,Athletics,Lucas Erceg,,activated from 15-day IL
2024-06-12,Marlins,J.T. Chargois,,activated from 60-day IL
2024-06-12,Rangers,Brock Burke,,activated from 60-day IL
2024-06-12,White Sox,Andrew Benintendi,,activated from 10-day IL
2024-06-12,White Sox,Steven Wilson (Christopher),,activated from 15-day IL
2024-06-12,Yankees,Jasson Dominguez,,activated from 60-day IL
2024-06-13,Dodgers,,Ryan Brasier,transferred to 60-day IL with strained right calf
2024-06-13,Orioles,,John Means,"transferred to 60-day IL recovering from ligament replacement (""Tommy John"") surgery on left elbow"
2024-06-13,Twins,,Alex Kirilloff,placed on 10-day IL with back injury / various injuries
2024-06-13,Giants,Marco Luciano,,activated from 10-day IL
2024-06-13,Mets,Edwin Diaz (Orlando),,activated from 15-day IL
2024-06-14,Pirates,,Hunter Stratton,placed on 15-day IL with strained right triceps
2024-06-14,Rockies,,Elias Diaz,placed on 10-day IL with strained left calf
2024-06-14,Angels,Sam Bachman,,activated from 60-day IL
2024-06-14,Giants,Nick Ahmed,,activated from 10-day IL
2024-06-14,Rockies,Nolan Jones,,activated from 10-day IL
2024-06-14,White Sox,Tommy Pham,,activated from 10-day IL
2024-06-15,Angels,,Adam Cimber,placed on 15-day IL with right shoulder inflammation
2024-06-15,Braves,,Michael Harris II,placed on 10-day IL with strained left hamstring
2024-06-15,Braves,,Spencer Strider,transferred to 60-day IL recovering from surgery on right elbow to repair UCL with internal brace
2024-06-15,Cubs,,Jordan Wicks,placed on 15-day IL with strained right oblique
2024-06-15,Orioles,,Kyle Bradish,placed on 15-day IL with sprained UCL in right elbow
2024-06-15,Pirates,,Henry Davis,placed on 7-day IL with concussion
2024-06-15,Angels,Ehire Adrianza,,activated from 10-day IL
2024-06-15,Phillies,Brandon Marsh,,activated from 10-day IL
2024-06-16,Astros,,Cristian Javier,"transferred to 60-day IL recovering from ligament replacement (""Tommy John"") surgery on right elbow"
2024-06-16,Dodgers,,Joe Kelly (William),transferred to 60-day IL with strained right posterior shoulder
2024-06-16,Dodgers,,Michael Grove,placed on 15-day IL with strained right lat muscle
2024-06-16,Dodgers,,Yoshinobu Yamamoto,placed on 15-day IL with strained rotator cuff in right shoulder
2024-06-16,Giants,,Kyle Harrison,placed on 15-day IL with sprained right ankle
2024-06-16,Braves,,Huascar Ynoa,placed on 60-day IL with stress reaction in right elbow
2024-06-17,Blue Jays,,Yimi Garcia,placed on 15-day IL with right elbow neuritis
2024-06-17,Braves,,Hurston Waldrep,placed on 15-day IL with right elbow inflammation
2024-06-17,Dodgers,,Mookie Betts,placed on 10-day IL with fractured left hand
2024-06-17,Reds,,Christian Encarnacion-Strand,transferred to 60-day IL with fractured ulnar styloid in right wrist
2024-06-17,Rockies,,Josh Rogers,placed on 15-day IL with strained rotator cuff in left shoulder
2024-06-17,Angels,Brandon Drury,,activated from 10-day IL
2024-06-17,Phillies,Trea Turner,,activated from 10-day IL
2024-06-17,Red Sox,Romy Gonzalez,,activated from 10-day IL
2024-06-17,Rockies,Jake Bird,,activated from 15-day IL
2024-06-17,Rockies,Justin Lawrence,,activated from 15-day IL
2024-06-18,Astros,,Justin Verlander,placed on 15-day IL with discomfort in neck
2024-06-18,Blue Jays,,Bo Bichette,placed on 10-day IL with strained right calf
2024-06-18,Cubs,,Mike Tauchman,placed on 10-day IL with strained left groin
2024-06-18,Yankees,,Anthony Rizzo,placed on 10-day IL with fractured right forearm
2024-06-18,Yankees,,Clarke Schmidt,transferred to 60-day IL with strained right lat muscle
2024-06-18,Yankees,,Cody Poteet,placed on 15-day IL with strained triceps in right arm
2024-06-18,Yankees,,Ian Hamilton,placed on 15-day IL with strained right lat muscle
2024-06-18,Mariners,Ty France,,activated from 10-day IL
2024-06-18,Red Sox,Chris Martin (Riley),,activated from 15-day IL
2024-06-19,Brewers,,Oliver Dunn,placed on 10-day IL with strained back
2024-06-19,Dodgers,,Walker Buehler,placed on 15-day IL with right hip inflammation
2024-06-19,Guardians,,Nick Sandlin,placed on 15-day IL with lower back inflammation
2024-06-19,Marlins,,Jesus Luzardo,transferred to 60-day IL with tightness in left elbow
2024-06-19,Orioles,,Tyler Wells (Austin),transferred to 60-day IL recovering from surgery on right elbow to repair UCL (out for season)
2024-06-19,Yankees,,Anthony Rizzo,transferred to 60-day IL with fractured right forearm
2024-06-19,Dodgers,Bobby Miller,,activated from 15-day IL
2024-06-19,Pirates,Alika Williams,,activated from 10-day IL
2024-06-19,Rockies,Sean Bouchard,,activated from 10-day IL
2024-06-19,Yankees,Gerrit Cole,,activated from 60-day IL
2024-06-20,Angels,,Jose Soriano,placed on 15-day IL with abdominal infection
2024-06-20,Royals,,Dan Altavilla,placed on 15-day IL with strained right oblique
2024-06-21,Astros,,Victor Caratini,placed on 10-day IL with strained left hip flexor
2024-06-21,Rockies,,Adael Amador,placed on 10-day IL with tightness in/strained right oblique
2024-06-21,Rockies,,Charlie Blackmon,placed on 10-day IL with strained right hamstring
2024-06-21,Astros,,Jake Bloss,placed on 15-day IL with discomfort in right shoulder
2024-06-21,Blue Jays,Yariel Rodriguez,,activated from 15-day IL
2024-06-21,Brewers,Jake Junis,,activated from 60-day IL
2024-06-21,Cardinals,Giovanny Gallegos,,activated from 15-day IL
2024-06-21,Dodgers,Kyle Hurt,,activated from 60-day IL
2024-06-21,Rockies,Brendan Rodgers,,activated from 10-day IL
2024-06-21,Royals,Hunter Renfroe,,activated from 10-day IL
2024-06-22,Angels,,Patrick Sandoval,placed on 15-day IL with strained left elbow
2024-06-22,Athletics,,Abraham Toro-Hernandez,placed on 10-day IL with strained right hamstring
2024-06-22,Athletics,,Max Muncy (Price),transferred to 60-day IL with strained right oblique
2024-06-22,Cardinals,,Ivan Herrera (Aaron),placed on 10-day IL with tightness in lower back
2024-06-22,Cardinals,,Keynan Middleton,transferred to 60-day IL recovering from surgery on right forearm (out for season)
2024-06-22,Diamondbacks,,Gabriel Moreno,placed on 10-day IL with sprained left thumb
2024-06-22,Giants,,Keaton Winn,placed on 15-day IL with right elbow inflammation
2024-06-22,Giants,,Mike Yastrzemski (Andrew),placed on 10-day IL with strained left oblique
2024-06-22,Marlins,,Jesus Luzardo,placed on 15-day IL with lumbar stress reaction
2024-06-22,Mets,,Sean Reid-Foley,placed on 15-day IL with right shoulder impingement
2024-06-22,Padres,,Luis Campusano-Bracero (Genaro),placed on 10-day IL with bruised left thumb
2024-06-22,Red Sox,Wilyer Abreu,,activated from 10-day IL
2024-06-22,Royals,Michael Wacha,,activated from 15-day IL
2024-06-23,Athletics,,Dany Jimenez,placed on 15-day IL with strained left oblique
2024-06-23,Cubs,,Mark Leiter Jr.,placed on 15-day IL with strained right forearm
2024-06-23,Marlins,,Braxton Garrett,placed on 15-day IL with strained left forearm flexor
2024-06-23,Marlins,,Edward Cabrera,transferred to 60-day IL with right shoulder impingement
2024-06-23,Marlins,,Jesus Luzardo,transferred to 60-day IL with lumbar stress reaction
2024-06-23,Phillies,,Taijuan Walker,placed on 15-day IL with right index finger inflammation
2024-06-23,Pirates,,David Bednar,placed on 15-day IL with tightness in left side / strained left oblique
2024-06-23,Yankees,,Mike Stanton (c),placed on 10-day IL with strained left hamstring
2024-06-23,Yankees,,Nick Burdi,transferred to 60-day IL with right hip inflammation
2024-06-23,Rangers,Max Scherzer,,activated from 60-day IL
2024-06-23,Rockies,Kyle Freeland,,activated from 60-day IL
2024-06-23,White Sox,Eloy Jimenez,,activated from 10-day IL
2024-06-24,Padres,,Fernando Tatis Jr.,placed on 10-day IL with right femoral stress reaction
2024-06-24,Rangers,,Cole Winn,placed on 15-day IL with sprained right shoulder
2024-06-24,Reds,,T.J. Friedl,placed on 10-day IL with strained right hamstring
2024-06-24,Royals,,Adam Frazier,placed on 10-day IL with strained right thumb
2024-06-24,Cardinals,Nick Robertson,,activated from 15-day IL
2024-06-24,Cardinals,Willson Contreras,,activated from 10-day IL
2024-06-24,Pirates,Ji-Hwan Bae,,activated from 10-day IL
2024-06-24,Royals,Michael Massey (a),,activated from 10-day IL
2024-06-24,Twins,Jorge Polanco,,activated from 10-day IL
2024-06-25,Angels,,Patrick Sandoval,transferred to 60-day IL with strained left elbow (out for season)
2024-06-25,Braves,,Brian Anderson (Wade),placed on 10-day IL with bacterial infection
2024-06-25,Brewers,,Robert Gasser,"transferred to 60-day IL recovering from ligament replacement (""Tommy John"") surgery on left elbow (out for season)"
2024-06-25,Mariners,,Bryan Woo (a),placed on 15-day IL with strained right hamstring
2024-06-25,Marlins,,Sixto Sanchez,transferred to 60-day IL with right shoulder inflammation
2024-06-25,Mets,,Starling Marte,placed on 10-day IL with bone bruise in right knee
2024-06-25,Reds,,Nick Lodolo,placed on 15-day IL with blister on finger
2024-06-25,Twins,,Chris Paddack,placed on 15-day IL with right forearm injury / right arm fatigue
2024-06-25,Angels,Chase Silseth,,activated from 60-day IL
2024-06-25,Angels,Miguel Sano,,activated from 10-day IL
2024-06-25,Blue Jays,Bo Bichette,,activated from 10-day IL
2024-06-25,Padres,Glenn Otto,,activated from 15-day IL
2024-06-25,Phillies,Yunior Marte (b. 1995-02-02),,activated from 15-day IL
2024-06-26,Brewers,,Gary Sanchez,placed on 10-day IL with strained left calf
2024-06-26,Brewers,,Joe Ross (Andrew),transferred to 60-day IL with strained lower back
2024-06-26,Mets,,Drew Smith (David),placed on 15-day IL with sprained right elbow
2024-06-26,Rangers,,Cole Winn,transferred to 60-day IL with sprained right shoulder
2024-06-26,Rockies,,Jake Bird,placed on 15-day IL with strained right groin
2024-06-26,Rangers,Justin Foscue,,activated from 60-day IL
2024-06-27,Cubs,,Javier Assad,placed on 15-day IL with strained right forearm extensor
2024-06-27,Cubs,,Yency Almonte,transferred to 60-day IL with strained right shoulder (out for season)
2024-06-27,Guardians,,Will Brennan,placed on 10-day IL with ribcage inflammation
2024-06-27,Phillies,,Spencer Turnbull,placed on 15-day IL with strained right lat muscle
2024-06-27,Reds,,Emilio Pagan,transferred to 60-day IL with strained right lat muscle
2024-06-27,Tigers,Alex Faedo,,activated from 15-day IL
2024-06-28,Cardinals,,Steven Matz,transferred to 60-day IL with strained lower back
2024-06-28,Cubs,,Keegan Thompson,placed on 15-day IL with fractured right rib
2024-06-28,Giants,,Thairo Estrada,placed on 10-day IL with left wrist tendinitis
2024-06-28,Giants,,Wilmer Flores (Alejandro),placed on 10-day IL with left/right knee tendinitis
2024-06-28,Padres,,Joe Musgrove,transferred to 60-day IL with right elbow inflammation
2024-06-28,Padres,,Tom Cosgrove,placed on 15-day IL with left elbow inflammation
2024-06-28,Phillies,,Bryce Harper,placed on 10-day IL with strained left hamstring
2024-06-28,Phillies,,Kyle Schwarber,placed on 10-day IL with strained left groin
2024-06-28,Giants,Lamonte Wade Jr.,,activated from 10-day IL
2024-06-28,Phillies,Kody Clemens,,activated from 10-day IL
2024-06-28,Pirates,Martin Perez,,activated from 15-day IL
2024-06-29,Brewers,,Jared Koenig,placed on 15-day IL with left forearm tendinitis
2024-06-29,Diamondbacks,Zac Gallen,,activated from 15-day IL
2024-06-29,Guardians,,Matthew Boyd,placed on 15-day IL with surgery on left elbow
2024-06-29,Indians,Eli Morgan,,activated from 15-day IL
2024-06-29,Rockies,Charlie Blackmon,,activated from 10-day IL
2024-06-30,Mets,,Brooks Raley,"transferred to 60-day IL recovering from ligament replacement (""Tommy John"") surgery (internal brace) on left elbow"
2024-06-30,Guardians,Gavin Williams,,activated from 60-day IL
2024-06-30,Pirates,Joey Bart (Andrew),,activated from 10-day IL
2024-06-30,Rockies,Elias Diaz,,activated from 10-day IL
2024-07-01,Braves,A.J. Minter,,activated from 15-day IL
2024-07-01,Brewers,Garrett Mitchell,,activated from 60-day IL
2024-07-02,Angels,,Andrew Wantz,placed on 15-day IL with right elbow inflammation
2024-07-02,Blue Jays,,Isiah Kiner-Falefa,placed on 10-day IL with sprained left knee
2024-07-02,Diamondbacks,,Jordan Montgomery,placed on 15-day IL with right knee inflammation
2024-07-02,Angels,Jose Soriano,,activated from 15-day IL
2024-07-02,Diamondbacks,Alek Thomas,,activated from 10-day IL
2024-07-02,Diamondbacks,Gabriel Moreno,,activated from 10-day IL
2024-07-02,Giants,Mike Yastrzemski (Andrew),,activated from 10-day IL
2024-07-03,Brewers,,Enoli Paredes,placed on 15-day IL with right forearm tendinitis
2024-07-03,Brewers,,Joey Ortiz,placed on 10-day IL with neck inflammation
2024-07-03,Tigers,,Casey Mize,placed on 15-day IL with strained left hamstring
2024-07-03,Twins,,Brock Stewart,transferred to 60-day IL with right shoulder tendinitis
2024-07-03,Twins,,Royce Lewis,placed on 10-day IL with strained right adductor
2024-07-03,Orioles,Dean Kremer,,activated from 15-day IL
2024-07-03,Rockies,Adael Amador,,activated from 10-day IL
2024-07-04,Marlins,,Otto Lopez,placed on 10-day IL with lower back inflammation
2024-07-04,Pirates,,Jared Jones,placed on 15-day IL with strained right lat muscle
2024-07-04,Guardians,Nick Sandlin,,activated from 15-day IL
2024-07-05,Angels,,Andrew Wantz,transferred to 60-day IL with right elbow inflammation
2024-07-05,Angels,,Luis Rengifo,placed on 10-day IL with right wrist inflammation
2024-07-05,Braves,,Ray Kerr,"transferred to 60-day IL recovering from ligament replacement (""Tommy John"") surgery on elbow"
2024-07-05,Dodgers,,Jason Heyward,placed on 10-day IL with bone bruise in left knee
2024-07-05,Nationals,,Josiah Gray,transferred to 60-day IL with strained right forearm flexor
2024-07-05,Phillies,,Luis Ortiz (Francisco),transferred to 60-day IL with sprained left ankle
2024-07-05,Rangers,,Dane Dunning,placed on 15-day IL with sore right shoulder
2024-07-05,Red Sox,,Chris Martin (Riley),placed on 15-day IL with sore right elbow / right elbow inflammation
2024-07-05,Reds,,Luke Maile,placed on 10-day IL with herniated disc in back
2024-07-05,Royals,,Dan Altavilla,transferred to 60-day IL with strained right oblique
2024-07-05,Marlins,Bryan Hoeing,,activated from 15-day IL
2024-07-05,Padres,Luis Campusano-Bracero (Genaro),,activated from 10-day IL
2024-07-05,Rangers,Josh Sborz,,activated from 15-day IL
2024-07-05,Royals,Adam Frazier,,activated from 10-day IL
2024-07-06,Giants,Kyle Harrison,,activated from 15-day IL
2024-07-06,Pirates,,Daulton Jefferies,placed on 15-day IL with discomfort in right elbow
2024-07-06,Royals,Kris Bubic,,activated from 60-day IL
2024-07-07,Cubs,,Colten Brewer,placed on 60-day IL with fractured left hand
2024-07-07,Marlins,,Ryan Weathers,transferred to 60-day IL with strained left index finger
2024-07-07,Mets,,Drew Smith (David),transferred to 60-day IL with sprained right elbow
2024-07-07,Pirates,,Bailey Falter,placed on 15-day IL with left triceps tendinitis
2024-07-07,Reds,,Nick Martini,placed on 10-day IL with left thumb injury
2024-07-07,Reds,,Stuart Fairchild,placed on 10-day IL with spinal injury
2024-07-07,Twins,,Austin Martin,placed on 10-day IL with strained right oblique
2024-07-07,Athletics,Kyle Muller,,activated from 15-day IL
2024-07-07,Marlins,Edward Cabrera,,activated from 60-day IL
2024-07-07,Pirates,Henry Davis,,activated from 7-day IL
2024-07-08,Tigers,,Parker Meadows,placed on 10-day IL with strained right hamstring
2024-07-08,Angels,Anthony Rendon,,activated from 60-day IL
2024-07-08,Cardinals,Lars Nootbaar,,activated from 10-day IL
2024-07-08,Mariners,Gregory Santos,,activated from 60-day IL
2024-07-08,Phillies,Kyle Schwarber,,activated from 10-day IL
2024-07-08,Tigers,Javier Baez,,activated from 10-day IL
2024-07-08,Twins,Chris Paddack,,activated from 15-day IL
2024-07-09,Dodgers,,Tyler Glasnow,placed on 15-day IL with tightness in lower back
2024-07-09,Braves,A.J. Smith-Shawver,,activated from 15-day IL
2024-07-09,Cubs,Mark Leiter Jr.,,activated from 15-day IL
2024-07-09,Giants,Blake Snell,,activated from 15-day IL
2024-07-09,Giants,Thairo Estrada,,activated from 10-day IL
2024-07-09,Giants,Wilmer Flores (Alejandro),,activated from 10-day IL
2024-07-09,Phillies,Bryce Harper,,activated from 10-day IL
2024-07-09,Pirates,Quinn Priester,,activated from 15-day IL
2024-07-09,Reds,Nick Lodolo,,activated from 15-day IL
2024-07-10,Braves,,Ramon Laureano,placed on 10-day IL with strained left oblique
2024-07-10,Mariners,,Dominic Canzone,placed on 10-day IL with strained right adductor
2024-07-10,Mets,,Reed Garrett,placed on 15-day IL with right elbow inflammation
2024-07-10,Reds,,Graham Ashcraft,placed on 15-day IL with strained right elbow
2024-07-10,Braves,Brian Anderson (Wade),,activated from 10-day IL
2024-07-10,Rockies,Jake Bird,,activated from 15-day IL
2024-07-11,Athletics,,Tyler Soderstrom,placed on 10-day IL with bruised left wrist
2024-07-11,Cubs,,Cody Bellinger,placed on 10-day IL with fractured left middle finger
2024-07-11,Orioles,,Kyle Bradish,"transferred to 60-day IL recovering from ligament replacement (""Tommy John"") surgery on right elbow"
2024-07-11,Astros,Jake Bloss,,activated from 15-day IL
2024-07-11,Diamondbacks,Miguel Castro,,activated from 15-day IL
2024-07-11,Guardians,Will Brennan,,activated from 10-day IL
2024-07-11,White Sox,Dominic Fletcher,,activated from 10-day IL
2024-07-12,Guardians,,Sam Hentges,placed on 15-day IL with left shoulder inflammation
2024-07-12,Padres,,Wandy Peralta,placed on 15-day IL with strained left adductor
2024-07-12,Red Sox,,Justin Slaten,placed on 15-day IL with right elbow inflammation
2024-07-12,Twins,,(James) Kyle Farmer,placed on 10-day IL with strained right shoulder
2024-07-12,Yankees,,J.D. Davis,placed on 10-day IL with illness
2024-07-12,Brewers,Joey Ortiz,,activated from 10-day IL
2024-07-12,Cardinals,Ivan Herrera (Aaron),,activated from 10-day IL
2024-07-12,Mariners,Bryan Woo (a),,activated from 15-day IL
2024-07-12,Padres,Xander Bogaerts,,activated from 10-day IL
2024-07-12,Pirates,David Bednar,,activated from 15-day IL
2024-07-12,Pirates,Marco Gonzales (Elias),,activated from 60-day IL
2024-07-13,Athletics,,Luis Medina (Angel),placed on 15-day IL with sprained right elbow
2024-07-13,Dodgers,,Yoshinobu Yamamoto,transferred to 60-day IL with strained rotator cuff in right shoulder / tightness in triceps
2024-07-13,Orioles,,Danny Coulombe,transferred to 60-day IL recovering from surgery on left elbow to remove bone chips
2024-07-13,Orioles,,Heston Kjerstad,placed on 7-day IL with concussion
2024-07-13,Reds,,Carson Spiers,placed on 15-day IL with right shoulder impingement
2024-07-13,Reds,,Nick Martini,transferred to 60-day IL with sprained left thumb
2024-07-13,Rockies,,Nolan Jones,placed on 10-day IL with strained lower back
2024-07-13,Yankees,,Jose Trevino,placed on 10-day IL with strained left quadriceps
2024-07-13,Cubs,Javier Assad,,activated from 15-day IL
2024-07-13,Giants,Austin Warren,,activated from 60-day IL
2024-07-14,Twins,,Jose Miranda,placed on 10-day IL with strained lower back
2024-07-14,Rockies,German Marquez,,activated from 60-day IL
2024-07-14,Rockies,Josh Rogers,,activated from 15-day IL
2024-07-15,Brewers,,Oliver Dunn,transferred to 60-day IL with strained back
2024-07-15,Yankees,Scott Effross,,activated from 60-day IL
2024-07-16,Royals,,M.J. Melendez,placed on 10-day IL with sprained left ankle
2024-07-17,Twins,Zack Weiss,,activated from 60-day IL
2024-07-18,Marlins,,Dane Myers,placed on 10-day IL with fractured left ankle
2024-07-19,Cubs,,Jordan Wicks,transferred to 60-day IL with strained right oblique
2024-07-19,White Sox,,Mike Soroka,placed on 15-day IL with strained right shoulder
2024-07-19,Blue Jays,Yimi Garcia,,activated from 15-day IL
2024-07-19,Braves,Ramon Laureano,,activated from 10-day IL
2024-07-19,Cubs,Mike Tauchman,,activated from 10-day IL
2024-07-19,Dodgers,Joe Kelly (William),,activated from 60-day IL
2024-07-19,Mariners,Gabe Speier,,activated from 15-day IL
2024-07-19,Marlins,Otto Lopez,,activated from 10-day IL
2024-07-19,Nationals,Jose Ferrer (Alexander),,activated from 60-day IL
2024-07-19,Reds,Stuart Fairchild,,activated from 10-day IL
2024-07-19,Yankees,J.D. Davis,,activated from 10-day IL
2024-07-20,Blue Jays,,Bo Bichette,placed on 10-day IL with strained right calf
2024-07-20,Cubs,,Hayden Wesneski,placed on 15-day IL with strained right forearm
2024-07-20,Reds,,Brent Suter,placed on 15-day IL with torn muscle in left shoulder
2024-07-20,Twins,,Carlos Correa,placed on 10-day IL with plantar fasciitis in right foot
2024-07-20,Twins,,Chris Paddack,placed on 15-day IL with strained right forearm
2024-07-20,White Sox,,Jordan Leasure,placed on 15-day IL with right shoulder impingement
2024-07-20,Orioles,Heston Kjerstad,,activated from 7-day IL
2024-07-20,Phillies,J.T. Realmuto,,activated from 10-day IL
2024-07-20,Twins,Austin Martin,,activated from 10-day IL
2024-07-21,Athletics,,Jacob Wilson (b. 2002-03-30),placed on 10-day IL with strained left hamstring
2024-07-21,Braves,,Max Fried,placed on 15-day IL with left forearm injury
2024-07-21,Rays,,Ryan Pepiot,placed on 15-day IL with infection in right knee
2024-07-21,Tigers,,Kerry Carpenter,transferred to 60-day IL with lumbar spine inflammation
2024-07-21,Tigers,,Reese Olson,placed on 15-day IL with strained right shoulder
2024-07-21,Twins,,Kody Funderburk,placed on 15-day IL with strained left oblique
2024-07-21,Athletics,Abraham Toro-Hernandez,,activated from 10-day IL
2024-07-21,Brewers,Jared Koenig,,activated from 15-day IL
2024-07-21,Dodgers,Jason Heyward,,activated from 10-day IL
2024-07-22,Braves,,Ozzie Albies,placed on 10-day IL with fractured left wrist
2024-07-22,Cubs,,Luke Little,transferred to 60-day IL with strained left shoulder
2024-07-22,Rockies,,German Marquez,placed on 15-day IL with right elbow inflammation
2024-07-22,Angels,Adam Cimber,,activated from 15-day IL
2024-07-22,Angels,Jose Quijada,,activated from 60-day IL
2024-07-22,Astros,Victor Caratini,,activated from 10-day IL
2024-07-22,Cubs,Julian Merryweather,,activated from 60-day IL
2024-07-23,Cubs,,Luke Little,placed on 15-day IL with strained left shoulder
2024-07-23,Mariners,,J.P. Crawford,placed on 10-day IL with fractured right finger
2024-07-23,Mariners,,Julio Rodriguez (Yarnel),placed on 10-day IL with high right ankle sprain
2024-07-23,Mets,,Christian Scott,placed on 15-day IL with sprained UCL in right elbow
2024-07-23,Angels,Luis Rengifo,,activated from 10-day IL
2024-07-23,Diamondbacks,Jordan Montgomery,,activated from 15-day IL
2024-07-23,Rockies,Kris Bryant,,activated from 10-day IL
2024-07-24,Braves,,Michael Harris II,transferred to 60-day IL with strained left hamstring
2024-07-24,Brewers,,Christian Yelich,placed on 10-day IL with lower back inflammation
2024-07-24,Dodgers,,Miguel Rojas (Elias),placed on 10-day IL with tightness in right forearm
2024-07-24,Giants,,Keaton Winn,transferred to 60-day IL with right elbow inflammation
2024-07-24,Brewers,Gary Sanchez,,activated from 10-day IL
2024-07-24,Dodgers,Tyler Glasnow,,activated from 15-day IL
2024-07-24,Giants,Robbie Ray,,activated from 60-day IL
2024-07-24,Twins,Brock Stewart,,activated from 60-day IL
2024-07-25,Athletics,,Mason Miller (a),placed on 15-day IL with fractured left finger
2024-07-25,Dodgers,,Chris Taylor,placed on 10-day IL with strained left groin
2024-07-25,Giants,,Wilmer Flores (Alejandro),placed on 10-day IL with right knee tendinitis
2024-07-25,Orioles,,Jorge Mateo,placed on 10-day IL with left elbow subluxation
2024-07-25,Athletics,Ross Stripling,,activated from 15-day IL
2024-07-25,Dodgers,Clayton Kershaw,,activated from 60-day IL
2024-07-25,Padres,Tom Cosgrove,,activated from 15-day IL
2024-07-25,Rangers,Dane Dunning,,activated from 15-day IL
2024-07-26,Brewers,,Rob Zastryzny,placed on 15-day IL with left elbow tendinitis
2024-07-26,Cubs,,Ben Brown,transferred to 60-day IL with strained neck
2024-07-26,Cubs,,Tomas Nido,placed on 10-day IL with sprained right knee
2024-07-26,Giants,,Thairo Estrada,placed on 10-day IL with sprained left wrist
2024-07-26,Mets,,Dedniel Nunez,placed on 15-day IL with strained right forearm
2024-07-26,Nationals,,Jordan Weems,placed on 15-day IL with right shin injury
2024-07-26,Red Sox,,Bryan Mata,transferred to 60-day IL with strained right hamstring
2024-07-26,Tigers,,Riley Greene,placed on 10-day IL with strained right hamstring
2024-07-26,Athletics,Paul Blackburn,,activated from 60-day IL
2024-07-26,Mets,Kodai Senga,,activated from 60-day IL
2024-07-26,Mets,Shintaro Fujinami,,activated from 60-day IL
2024-07-26,Phillies,Michael Rucker,,activated from 60-day IL
2024-07-26,Pirates,Hunter Stratton,,activated from 15-day IL
2024-07-26,Reds,T.J. Friedl,,activated from 10-day IL
2024-07-26,Twins,Royce Lewis,,activated from 10-day IL
2024-07-27,Blue Jays,,Jordan Romano,transferred to 60-day IL recovering from arthroscopic surgery on right elbow
2024-07-27,Brewers,,Bryan Hudson (Michael),placed on 15-day IL with strained left oblique
2024-07-27,Mets,,Kodai Senga,placed on 15-day IL with strained left calf
2024-07-27,Phillies,,Ranger Suarez,placed on 15-day IL with lower back soreness
2024-07-27,Braves,Jimmy Herget,,activated from 15-day IL
2024-07-27,Twins,Jose Miranda,,activated from 10-day IL
2024-07-28,Mets,,Kodai Senga,transferred to 60-day IL with strained left calf
2024-07-28,Pirates,,Nick Gonzales,placed on 10-day IL with left groin injury
2024-07-28,Brewers,Devin Williams,,activated from 60-day IL
2024-07-28,Rangers,Austin Pruitt,,activated from 60-day IL
2024-07-28,Rays,Jeffrey Springs,,activated from 60-day IL
2024-07-28,Royals,M.J. Melendez,,activated from 10-day IL
